<?xml version="1.0" encoding="UTF-8"?>
<jcr:root
    xmlns:sling="http://sling.apache.org/jcr/sling/1.0"
    xmlns:jcr="http://www.jcp.org/jcr/1.0"
    xmlns:nt="http://www.jcp.org/jcr/nt/1.0"
    jcr:primaryType="nt:unstructured"
    jcr:title="Tab Component"
    sling:resourceType="cq/gui/components/authoring/dialog"
    helpPath="en/cq/current/wcm/default_components.html#AccordionSection">
    <content
        jcr:primaryType="nt:unstructured"
        sling:resourceType="granite/ui/components/foundation/container">
        <layout
            jcr:primaryType="nt:unstructured"
            sling:resourceType="granite/ui/components/foundation/layouts/tabs"/>
        <items jcr:primaryType="nt:unstructured">
            <tab1
                jcr:primaryType="nt:unstructured"
                jcr:title="General"
                sling:resourceType="granite/ui/components/foundation/section">
                <layout
                    jcr:primaryType="nt:unstructured"
                    sling:resourceType="granite/ui/components/foundation/layouts/fixedcolumns"/>
                <items jcr:primaryType="nt:unstructured">
            
            <column
                jcr:primaryType="nt:unstructured"
                sling:resourceType="granite/ui/components/foundation/container">
                <items jcr:primaryType="nt:unstructured">
                    <accordionsection
                        jcr:primaryType="nt:unstructured"
                        sling:resourceType="granite/ui/components/foundation/form/multifield"
                        class="full-width"
                        fieldLabel="Tab Items">
                        <field
                            jcr:primaryType="nt:unstructured"
                            sling:resourceType="granite/ui/components/foundation/form/fieldset"
                            acs-commons-nested=""
                            name="./tabItems">
                            <layout
                                jcr:primaryType="nt:unstructured"
                                sling:resourceType="granite/ui/components/foundation/layouts/fixedcolumns"
                                method="absolute"/>
                            <items jcr:primaryType="nt:unstructured">
                                <column
                                    jcr:primaryType="nt:unstructured"
                                    sling:resourceType="granite/ui/components/foundation/container">
                                    <items jcr:primaryType="nt:unstructured">
                                        <sectionTitle
                                            jcr:primaryType="nt:unstructured"
                                            sling:resourceType="granite/ui/components/foundation/form/textfield"
                                            fieldDescription="Section Title"
                                            fieldLabel="Section Title"
                                            name="./sectionTitle"/>
                                        <layout
                                            jcr:primaryType="nt:unstructured"
                                            sling:resourceType="granite/ui/components/foundation/form/select"
                                            fieldLabel="Select layout"
                                            name="./layout">
                                            <items jcr:primaryType="nt:unstructured">
                                                <option1
				                                    jcr:primaryType="nt:unstructured"
				                                    text="Single Column Text"
				                                    value="singleColumn"/>                               
				                                <option2
				                                    jcr:primaryType="nt:unstructured"
				                                    text="Two Column Text"
				                                    value="twoColumn"/>
                                            </items>
                                        </layout>
                                    </items>
                                </column>
                            </items>
                        </field>
                    </accordionsection>
                </items>
            </column>
            </items>
            </tab1>
            
            <tab2
                jcr:primaryType="nt:unstructured"
                jcr:title="NVE South"
                sling:resourceType="granite/ui/components/foundation/section">
                <layout
                    jcr:primaryType="nt:unstructured"
                    sling:resourceType="granite/ui/components/foundation/layouts/fixedcolumns"/>
                <items jcr:primaryType="nt:unstructured">
            
            <column
                jcr:primaryType="nt:unstructured"
                sling:resourceType="granite/ui/components/foundation/container">
                <items jcr:primaryType="nt:unstructured">
                    <accordionsection
                        jcr:primaryType="nt:unstructured"
                        sling:resourceType="granite/ui/components/foundation/form/multifield"
                        class="full-width"
                        fieldLabel="Tab Items">
                        <field
                            jcr:primaryType="nt:unstructured"
                            sling:resourceType="granite/ui/components/foundation/form/fieldset"
                            acs-commons-nested=""
                            name="./southtabItems">
                            <layout
                                jcr:primaryType="nt:unstructured"
                                sling:resourceType="granite/ui/components/foundation/layouts/fixedcolumns"
                                method="absolute"/>
                            <items jcr:primaryType="nt:unstructured">
                                <column
                                    jcr:primaryType="nt:unstructured"
                                    sling:resourceType="granite/ui/components/foundation/container">
                                    <items jcr:primaryType="nt:unstructured">
                                        <sectionTitle
                                            jcr:primaryType="nt:unstructured"
                                            sling:resourceType="granite/ui/components/foundation/form/textfield"
                                            fieldDescription="Section Title"
                                            fieldLabel="Section Title"
                                            name="./sectionTitle"/>
                                        <layout
                                            jcr:primaryType="nt:unstructured"
                                            sling:resourceType="granite/ui/components/foundation/form/select"
                                            fieldLabel="Select layout"
                                            name="./layout">
                                            <items jcr:primaryType="nt:unstructured">
                                                <option1
				                                    jcr:primaryType="nt:unstructured"
				                                    text="Single Column Text"
				                                    value="singleColumn"/>                               
				                                <option2
				                                    jcr:primaryType="nt:unstructured"
				                                    text="Two Column Text"
				                                    value="twoColumn"/>
                                            </items>
                                        </layout>
                                    </items>
                                </column>
                            </items>
                        </field>
                    </accordionsection>
                </items>
            </column>
            </items>
            </tab2>
            
            <tab3
                jcr:primaryType="nt:unstructured"
                jcr:title="NVE North"
                sling:resourceType="granite/ui/components/foundation/section">
                <layout
                    jcr:primaryType="nt:unstructured"
                    sling:resourceType="granite/ui/components/foundation/layouts/fixedcolumns"/>
                <items jcr:primaryType="nt:unstructured">
            
            <column
                jcr:primaryType="nt:unstructured"
                sling:resourceType="granite/ui/components/foundation/container">
                <items jcr:primaryType="nt:unstructured">
                    <accordionsection
                        jcr:primaryType="nt:unstructured"
                        sling:resourceType="granite/ui/components/foundation/form/multifield"
                        class="full-width"
                        fieldLabel="Tab Items">
                        <field
                            jcr:primaryType="nt:unstructured"
                            sling:resourceType="granite/ui/components/foundation/form/fieldset"
                            acs-commons-nested=""
                            name="./northtabItems">
                            <layout
                                jcr:primaryType="nt:unstructured"
                                sling:resourceType="granite/ui/components/foundation/layouts/fixedcolumns"
                                method="absolute"/>
                            <items jcr:primaryType="nt:unstructured">
                                <column
                                    jcr:primaryType="nt:unstructured"
                                    sling:resourceType="granite/ui/components/foundation/container">
                                    <items jcr:primaryType="nt:unstructured">
                                        <sectionTitle
                                            jcr:primaryType="nt:unstructured"
                                            sling:resourceType="granite/ui/components/foundation/form/textfield"
                                            fieldDescription="Section Title"
                                            fieldLabel="Section Title"
                                            name="./sectionTitle"/>
                                        <layout
                                            jcr:primaryType="nt:unstructured"
                                            sling:resourceType="granite/ui/components/foundation/form/select"
                                            fieldLabel="Select layout"
                                            name="./layout">
                                            <items jcr:primaryType="nt:unstructured">
                                                <option1
				                                    jcr:primaryType="nt:unstructured"
				                                    text="Single Column Text"
				                                    value="singleColumn"/>                               
				                                <option2
				                                    jcr:primaryType="nt:unstructured"
				                                    text="Two Column Text"
				                                    value="twoColumn"/>
                                            </items>
                                        </layout>
                                    </items>
                                </column>
                            </items>
                        </field>
                    </accordionsection>
                </items>
            </column>
            </items>
            </tab3>
            
        </items>
    </content>
</jcr:root>