<?xml version="1.0" encoding="UTF-8"?>
<jcr:root xmlns:cq="http://www.day.com/jcr/cq/1.0" xmlns:jcr="http://www.jcp.org/jcr/1.0" xmlns:nt="http://www.jcp.org/jcr/nt/1.0"
    jcr:primaryType="cq:TabPanel"
    activeTab="0"
    helpPath="en/cq/current/wcm/default_components.html#Text Image"
    xtype="tabpanel">
    <items jcr:primaryType="cq:WidgetCollection">
        <tab1
            jcr:primaryType="cq:Widget"
            anchor="100%"
            title="Text"
            xtype="panel">
            <items jcr:primaryType="cq:WidgetCollection">
                <text
                    jcr:primaryType="cq:Widget"
                    editElementQuery="div[class=&quot;text&quot;]"
                    hideLabel="{Boolean}true"
                    name="./text"
                    xtype="richtext">
                    <rtePlugins jcr:primaryType="nt:unstructured">
                        <links jcr:primaryType="nt:unstructured">
                            <linkDialogConfig
                                jcr:primaryType="nt:unstructured"
                                height="{Long}316">
                                <linkAttributes jcr:primaryType="cq:WidgetCollection">
                                    <linkAdvanced
                                        jcr:primaryType="cq:Widget"
                                        collapsed="{Boolean}true"
                                        collapsible="{Boolean}true"
                                        inputValue="advanced"
                                        name="./linkdialog/cq:adhocLinkTrackingTab"
                                        title="Link tracking"
                                        xtype="dialogfieldset">
                                        <items jcr:primaryType="cq:WidgetCollection">
                                            <enable
                                                jcr:primaryType="nt:unstructured"
                                                attribute="enabletracking"
                                                fieldDescription="override analytics framework settings"
                                                fieldLabel="Custom link tracking"
                                                name="./linkdialog/cq:adhocLinkTrackingEnableTracking"
                                                xtype="checkbox">
                                                <listeners
                                                    jcr:primaryType="nt:unstructured"
                                                    check="function(component){var dlg=component.findParentByType('rtelinkdialog');dlg.enableSCFields(component.checked);}"/>
                                            </enable>
                                            <events
                                                jcr:primaryType="nt:unstructured"
                                                attribute="adhocevents"
                                                fieldDescription="e.g.: event2, event7"
                                                fieldLabel="Include SiteCatalyst events"
                                                name="./linkdialog/cq:adhocLinkTrackingEvents"
                                                xtype="textfield"/>
                                            <evars
                                                jcr:primaryType="nt:unstructured"
                                                attribute="adhocevars"
                                                fieldDescription="e.g.: eVar1: pagedata.url, prop4: 'const'"
                                                fieldLabel="Include SiteCatalyst variables"
                                                name="./linkdialog/cq:adhocLinkTrackingEvars"
                                                xtype="textfield"/>
                                        </items>
                                    </linkAdvanced>
                                </linkAttributes>
                            </linkDialogConfig>
                        </links>
                        <tracklinks
                            jcr:primaryType="nt:unstructured"
                            features="*"/>
                    </rtePlugins>
                    <uiSettings jcr:primaryType="nt:unstructured">
                        <cui jcr:primaryType="nt:unstructured">
                            <inline
                                jcr:primaryType="nt:unstructured"
                                toolbar="[#format,#justify,#lists,links#modifylink,links#unlink,tracklinks#modifylinktracking,-,fullscreen#start,-,control#close,control#save]">
                                <popovers jcr:primaryType="nt:unstructured">
                                    <format
                                        jcr:primaryType="nt:unstructured"
                                        items="[format#bold,format#italic,format#underline,subsuperscript#subscript,subsuperscript#superscript]"
                                        ref="format"/>
                                    <justify
                                        jcr:primaryType="nt:unstructured"
                                        items="[justify#justifyleft,justify#justifycenter,justify#justifyright]"
                                        ref="justify"/>
                                    <lists
                                        jcr:primaryType="nt:unstructured"
                                        items="[lists#unordered,lists#ordered,lists#outdent,lists#indent]"
                                        ref="lists"/>
                                    <styles
                                        jcr:primaryType="nt:unstructured"
                                        items="styles:getStyles:styles-pulldown"
                                        ref="styles"/>
                                    <paraformat
                                        jcr:primaryType="nt:unstructured"
                                        items="paraformat:getFormats:paraformat-pulldown"
                                        ref="paraformat"/>
                                </popovers>
                            </inline>
                            <fullscreen
                                jcr:primaryType="nt:unstructured"
                                toolbar="[format#bold,format#italic,format#underline,subsuperscript#subscript,subsuperscript#superscript,-,links#modifylink,links#unlink,links#anchor,tracklinks#modifylinktracking,-,justify#justifyleft,justify#justifycenter,justify#justifyright,-,lists#unordered,lists#ordered,lists#outdent,lists#indent,-,fullscreen#finish]">
                                <popovers jcr:primaryType="nt:unstructured">
                                    <styles
                                        jcr:primaryType="nt:unstructured"
                                        items="styles:getStyles:styles-pulldown"
                                        ref="styles"/>
                                    <paraformat
                                        jcr:primaryType="nt:unstructured"
                                        items="paraformat:getFormats:paraformat-pulldown"
                                        ref="paraformat"/>
                                </popovers>
                            </fullscreen>
                        </cui>
                    </uiSettings>
                </text>
                <richFlag
                    jcr:primaryType="cq:Widget"
                    ignoreData="{Boolean}true"
                    name="./textIsRich"
                    value="true"
                    xtype="hidden"/>
            </items>
        </tab1>
        <tab2
            jcr:primaryType="cq:Widget"
            cropParameter="./image/imageCrop"
            ddGroups="[media]"
            fileNameParameter="./image/fileName"
            fileReferenceParameter="./image/fileReference"
            mapParameter="./image/imageMap"
            name="./image/file"
            requestSuffix="/image.img.png"
            rotateParameter="./image/imageRotate"
            sizeLimit="100"
            title="Image"
            xtype="html5smartimage"/>
        <tab3
            jcr:primaryType="cq:Widget"
            title="Advanced Image Properties"
            xtype="panel">
            <items jcr:primaryType="cq:WidgetCollection">
                <title
                    jcr:primaryType="cq:Widget"
                    fieldLabel="Title"
                    name="./image/jcr:title"
                    xtype="textfield"/>
                <linkURL
                    jcr:primaryType="cq:Widget"
                    fieldDescription="Drop files or pages from the Content Finder"
                    fieldLabel="Link to"
                    name="./image/linkURL"
                    xtype="pathfield"/>
                <alignment
                    jcr:primaryType="cq:Widget"
                    defaultValue="left"
                    fieldDescription="Image alignment position"
                    fieldLabel="Alignment"
                    name="./alignment"
                    type="select"
                    xtype="selection">
                    <options jcr:primaryType="cq:WidgetCollection">
                        <left
                            jcr:primaryType="nt:unstructured"
                            text="Left"
                            value="left"/>
                        <top
                            jcr:primaryType="nt:unstructured"
                            text="Top"
                            value="top"/>
                        <right
                            jcr:primaryType="nt:unstructured"
                            text="Right"
                            value="right"/>
                    </options>
                </alignment>
                <size
                    jcr:primaryType="cq:Widget"
                    fieldLabel="Size"
                    heightParameter="./image/height"
                    widthParameter="./image/width"
                    xtype="sizefield"/>
                <resType
                    jcr:primaryType="cq:Widget"
                    ignoreData="{Boolean}true"
                    name="./image/sling:resourceType"
                    value="foundation/components/image"
                    xtype="hidden"/>
            </items>
        </tab3>
        <accessibility
            jcr:primaryType="cq:Widget"
            title="Accessibility"
            xtype="panel">
            <items jcr:primaryType="cq:WidgetCollection">
                <alt
                    jcr:primaryType="cq:Widget"
                    fieldDescription="Provide a textual alternative of the content and function of the image."
                    fieldLabel="Image Alternative Text"
                    name="./image/alt"
                    xtype="textfield"/>
                <decorative
                    jcr:primaryType="cq:Widget"
                    boxLabel="Image is decorative"
                    fieldDescription="Check if the image should be ignored by assistive technology. This applies to decorative images only."
                    inputValue="true"
                    name="./image/isDecorative"
                    type="checkbox"
                    xtype="selection"/>
            </items>
        </accessibility>
        <tab4
            jcr:primaryType="cq:Widget"
            xtype="componentstyles"/>
    </items>
</jcr:root>
