<?xml version="1.0" encoding="UTF-8"?>
<jcr:root xmlns:sling="http://sling.apache.org/jcr/sling/1.0" xmlns:cq="http://www.day.com/jcr/cq/1.0"
          xmlns:jcr="http://www.jcp.org/jcr/1.0" xmlns:nt="http://www.jcp.org/jcr/nt/1.0"
          jcr:primaryType="nt:unstructured"
          sling:resourceType="granite/ui/components/foundation/form/fieldset">
    <items jcr:primaryType="nt:unstructured">
        <text
            jcr:primaryType="nt:unstructured"
            sling:resourceType="cq/gui/components/authoring/dialog/richtext"
            name="./text"
            useFixedInlineToolbar="{Boolean}true">
            <uiSettings jcr:primaryType="nt:unstructured">
                <cui jcr:primaryType="nt:unstructured">
                    <inline
                        jcr:primaryType="nt:unstructured"
                        toolbar="[#styles,format#bold,format#italic,format#underline,image#imageProps,#justify,#lists,links#modifylink,links#unlink,links#anchor,#paraformat,edit#cut,edit#copy,edit#paste-default,edit#paste-wordhtml,edit#paste-plaintext,table#table,table#removetable,table#insertrow,table#removerow,table#insertcolumn,table#removecolumn,table#mergecells,table#splitcell,table#selectrow,table#selectcolumn,findreplace#find,findreplace#replace,misctools#specialchars,misctools#sourceedit,subsuperscript#subscript,subsuperscript#superscript,undo#undo,undo#redo]">
                        <popovers jcr:primaryType="nt:unstructured">
                            <styles
                                jcr:primaryType="nt:unstructured"
                                items="styles:getStyles:styles-pulldown"
                                ref="styles"/>
                            <justify
                                jcr:primaryType="nt:unstructured"
                                items="[justify#justifyleft,justify#justifycenter,justify#justifyright]"
                                ref="justify"/>
                            <lists
                                jcr:primaryType="nt:unstructured"
                                items="[lists#unordered,lists#ordered,lists#outdent,lists#indent]"
                                ref="lists"/>
                            <edit
                                jcr:primaryType="nt:unstructured"
                                items="[edit#paste-plaintext,edit#cut,edit#copy,edit#paste-wordhtml,edit#paste-default]"
                                ref="edit"/>
                            <table
                                jcr:primaryType="nt:unstructured"
                                items="[table#table,table#removetable,table#insertrow,table#removerow,table#insertcolumn,table#removecolumn,table#cellprops,table#mergecells,table#splitcell,table#selectrow,table#selectcolumn]"
                                ref="table"/>
                            <findreplace
                                jcr:primaryType="nt:unstructured"
                                items="[findreplace#find,findreplace#replace]"
                                ref="findreplace"/>
                            <misctools
                                jcr:primaryType="nt:unstructured"
                                items="[misctools#specialchars,misctools#sourceedit]"
                                ref="misctools"/>
                            <subsuperscript
                                jcr:primaryType="nt:unstructured"
                                items="[subsuperscript#subscript,subsuperscript#superscript]"
                                ref="subsuperscript"/>
                            <undo
                                jcr:primaryType="nt:unstructured"
                                items="[undo#undo,undo#redo]"
                                ref="undo"/>
                        </popovers>
                    </inline>
                </cui>
            </uiSettings>
            <rtePlugins jcr:primaryType="nt:unstructured">
                <format
                    jcr:primaryType="nt:unstructured"
                    features="*"/>
                <justify
                    jcr:primaryType="nt:unstructured"
                    features="*"/>
                <lists
                    jcr:primaryType="nt:unstructured"
                    features="*"/>
                <links
                    jcr:primaryType="nt:unstructured"
                    features="*"/>
                <table
                    jcr:primaryType="nt:unstructured"
                    features="*"/>
                <spellcheck
                    jcr:primaryType="nt:unstructured"
                    features="*"/>
                <image
                    jcr:primaryType="nt:unstructured"
                    features="*"/>
                <edit
                    jcr:primaryType="nt:unstructured"
                    features="*"/>
                <findreplace
                    jcr:primaryType="nt:unstructured"
                    features="*"/>
                <styles
                    jcr:primaryType="nt:unstructured"
                    features="*">
                    <styles jcr:primaryType="cq:WidgetCollection">
                        <primarybutton
                            jcr:primaryType="nt:unstructured"
                            cssName="primary-btn"
                            text="Primary button style"/>
                        <secondarybutton
                            jcr:primaryType="nt:unstructured"
                            cssName="secondary-btn"
                            text="Secondary button style"/>
                    </styles>
                </styles>
                <misctools
                    jcr:primaryType="nt:unstructured"
                    features="*"/>
                <undo
                    jcr:primaryType="nt:unstructured"
                    features="*"/>
                <subsuperscript
                    jcr:primaryType="nt:unstructured"
                    features="*"/>
            </rtePlugins>
        </text>
    </items>
</jcr:root>
