<?xml version="1.0" encoding="UTF-8"?>
<jcr:root xmlns:sling="http://sling.apache.org/jcr/sling/1.0" xmlns:cq="http://www.day.com/jcr/cq/1.0" xmlns:jcr="http://www.jcp.org/jcr/1.0" xmlns:nt="http://www.jcp.org/jcr/nt/1.0"
    jcr:primaryType="nt:unstructured"
    jcr:title="Column Control Component"
    sling:resourceType="cq/gui/components/authoring/dialog">
    <content
        jcr:primaryType="nt:unstructured"
        sling:resourceType="granite/ui/components/foundation/container">
        <layout
            jcr:primaryType="nt:unstructured"
            sling:resourceType="granite/ui/components/foundation/layouts/fixedcolumns"/>
        <items jcr:primaryType="nt:unstructured">
            <columns
                jcr:primaryType="nt:unstructured"
                sling:resourceType="granite/ui/components/foundation/container">
                <items jcr:primaryType="nt:unstructured">
                    <layout
                        jcr:primaryType="nt:unstructured"
                        sling:resourceType="granite/ui/components/foundation/form/select"
                        fieldDescription="Select the column layout."
                        fieldLabel="Column Layout"
                        name="./layout"
                        value="{Boolean}true">
                        <items jcr:primaryType="nt:unstructured">
                            <one-100
                                jcr:primaryType="nt:unstructured"
                                text="1 Columns (100%)"
                                value="one-100"/>
                            <two-50-50
                                jcr:primaryType="nt:unstructured"
                                text="2 Columns (50%, 50%)"
                                value="two-50-50"/>
                            <three
                                jcr:primaryType="nt:unstructured"
                                text="3 Columns (33%, 33%, 33%)"
                                value="three-33each"/>
                        </items>
                    </layout>
                </items>
            </columns>
        </items>
    </content>
</jcr:root>
