<?xml version="1.0" encoding="UTF-8"?>
<jcr:root
    xmlns:sling="http://sling.apache.org/jcr/sling/1.0"
    xmlns:jcr="http://www.jcp.org/jcr/1.0"
    xmlns:nt="http://www.jcp.org/jcr/nt/1.0"
    jcr:primaryType="nt:unstructured"
    jcr:title="Two Column Text Component"
    sling:resourceType="cq/gui/components/authoring/dialog"
    helpPath="en/cq/current/wcm/default_components.html#AccordionSection">
    <content
        jcr:primaryType="nt:unstructured"
        sling:resourceType="granite/ui/components/foundation/container">
        <layout
            jcr:primaryType="nt:unstructured"
            sling:resourceType="granite/ui/components/foundation/layouts/fixedcolumns"/>
        <items jcr:primaryType="nt:unstructured">
            <column
                jcr:primaryType="nt:unstructured"
                sling:resourceType="granite/ui/components/foundation/container">
                <items jcr:primaryType="nt:unstructured">
                    <textItems
                        jcr:primaryType="nt:unstructured"
                        sling:resourceType="granite/ui/components/foundation/form/multifield"
                        class="full-width"
                        fieldLabel="Text Items">
                        <field
                            jcr:primaryType="nt:unstructured"
                            sling:resourceType="granite/ui/components/foundation/form/fieldset"
                            acs-commons-nested=""
                            name="./textItems">
                            <layout
                                jcr:primaryType="nt:unstructured"
                                sling:resourceType="granite/ui/components/foundation/layouts/fixedcolumns"
                                method="absolute"/>
                            <items jcr:primaryType="nt:unstructured">
                                <column
                                    jcr:primaryType="nt:unstructured"
                                    sling:resourceType="granite/ui/components/foundation/container">
                                    <items jcr:primaryType="nt:unstructured">
                                        <col1
                                			jcr:primaryType="nt:unstructured"
			                                sling:resourceType="cq/gui/components/authoring/dialog/richtext"
			                                name="./col1"
			                                useFixedInlineToolbar="{Boolean}true">
			                                <uiSettings jcr:primaryType="nt:unstructured">
								                <cui jcr:primaryType="nt:unstructured">
								                    <inline
								                        jcr:primaryType="nt:unstructured"
								                        toolbar="[#styles,format#bold,format#italic,format#underline,image#imageProps,#justify,#lists,links#modifylink,links#unlink,links#anchor,#paraformat,edit#cut,edit#copy,edit#paste-default,edit#paste-wordhtml,edit#paste-plaintext,findreplace#find,findreplace#replace,misctools#specialchars,undo#undo,undo#redo]">
								                        <popovers jcr:primaryType="nt:unstructured">
								                            <styles
								                                jcr:primaryType="nt:unstructured"
								                                items="styles:getStyles:styles-pulldown"
								                                ref="styles"/>
								                            <justify
								                                jcr:primaryType="nt:unstructured"
								                                items="[justify#justifyleft,justify#justifycenter,justify#justifyright]"
								                                ref="justify"/>
								                            <lists
								                                jcr:primaryType="nt:unstructured"
								                                items="[lists#unordered,lists#ordered,lists#outdent,lists#indent]"
								                                ref="lists"/>
								                            <paraformat
			                                                    jcr:primaryType="nt:unstructured"
			                                                    items="paraformat:getFormats:paraformat-pulldown"
			                                                    ref="paraformat"/>
								                            <edit
								                                jcr:primaryType="nt:unstructured"
								                                items="[edit#paste-plaintext,edit#cut,edit#copy,edit#paste-wordhtml,edit#paste-default]"
								                                ref="edit"/>
								                            <findreplace
								                                jcr:primaryType="nt:unstructured"
								                                items="[findreplace#find,findreplace#replace]"
								                                ref="findreplace"/>
								                            <misctools
								                                jcr:primaryType="nt:unstructured"
								                                items="[misctools#specialchars]"
								                                ref="misctools"/>
								                            <subsuperscript
								                                jcr:primaryType="nt:unstructured"
								                                items="[subsuperscript#subscript,subsuperscript#superscript]"
								                                ref="subsuperscript"/>
								                            <undo
								                                jcr:primaryType="nt:unstructured"
								                                items="[undo#undo,undo#redo]"
								                                ref="undo"/>
								                        </popovers>
								                    </inline>
								                </cui>
								            </uiSettings>
			                             	<rtePlugins jcr:primaryType="nt:unstructured">
								                <format
								                    jcr:primaryType="nt:unstructured"
								                    features="*"/>
								                <justify
								                    jcr:primaryType="nt:unstructured"
								                    features="*"/>
								                <lists
								                    jcr:primaryType="nt:unstructured"
								                    features="*"/>
								                <links
								                    jcr:primaryType="nt:unstructured"
								                    features="*"/>	              
								                <edit
								                    jcr:primaryType="nt:unstructured"
								                    features="*"/>
								                <findreplace
								                    jcr:primaryType="nt:unstructured"
								                    features="*"/>								              
								                <undo
								                    jcr:primaryType="nt:unstructured"
								                    features="*"/>
								                <subsuperscript
								                    jcr:primaryType="nt:unstructured"
								                    features="*"/>
								            </rtePlugins>
								        </col1>
                                        <col2
                                			jcr:primaryType="nt:unstructured"
			                                sling:resourceType="cq/gui/components/authoring/dialog/richtext"
			                                name="./col2">
			                            <rtePlugins jcr:primaryType="nt:unstructured">
								                <format
								                    jcr:primaryType="nt:unstructured"
								                    features="*"/>
								                <justify
								                    jcr:primaryType="nt:unstructured"
								                    features="*"/>
								                <lists
								                    jcr:primaryType="nt:unstructured"
								                    features="*"/>
								                <links
								                    jcr:primaryType="nt:unstructured"
								                    features="*"/>	              
								                <edit
								                    jcr:primaryType="nt:unstructured"
								                    features="*"/>
								                <findreplace
								                    jcr:primaryType="nt:unstructured"
								                    features="*"/>								              
								                <undo
								                    jcr:primaryType="nt:unstructured"
								                    features="*"/>
								                <subsuperscript
								                    jcr:primaryType="nt:unstructured"
								                    features="*"/>
								            </rtePlugins>
                                    </items>
                                </column>
                            </items>
                        </field>
                    </textItems>
                </items>
            </column>
        </items>
    </content>
</jcr:root>